id	name	category	price	kcal	p	f	c	salt	region	url	note
041249	手巻おにぎり 炭火焼銀しゃけ	おにぎり	213.84	182	4.5	2.7	35.9	0.92	関東、甲信越、北陸、近畿、島根県、広島県、山口県、沖縄	https://www.sej.co.jp/products/a/item/041249/
040615	手巻おにぎり 具たっぷり辛子明太子	おにぎり	213.84	173	5.1	0.8	37.2	1.5	東北、関東、甲信越、北陸、東海、近畿、中国、四国、沖縄	https://www.sej.co.jp/products/a/item/040615/
044678	直巻もち麦おむすび ツナ明太マヨネーズ	おにぎり	170.64	189	5.1	4.2	34.3	1.1	埼玉県、千葉県、東京都、神奈川県、山梨県、長野県、静岡県、近畿、島根県、広島県、山口県、九州	https://www.sej.co.jp/products/a/item/044678/
101160	１／３日分の野菜がとれるコールスローサラダ	サラダ	257.04	119	2.8	7.6	11.5	1.9	全国	https://www.sej.co.jp/products/a/item/101160/
103022	５種具材のさっぱり春雨サラダ	サラダ	213.84	142	3.6	4.4	24.0	2.4	全国	https://www.sej.co.jp/products/a/item/103022/
103020	８種具材のお豆腐とひじきの煮物	惣菜	246.24	125	8.0	5.6	13.0	1.2	全国	https://www.sej.co.jp/products/a/item/103020/
101166	ロメインレタスのシーザーサラダ	サラダ	332.64	157	4.3	12.3	8.0	1	東北、埼玉県、千葉県、東京都、神奈川県、北陸、東海、中国、四国、九州	https://www.sej.co.jp/products/a/item/101166/
103048	塩糀チキンと彩り野菜のサラダごはん	弁当	581.04	330	16.2	9.0	49.8	2.5	東北、埼玉県、千葉県、東京都、神奈川県、北陸、岐阜県、愛知県、三重県、近畿、中国、四国、九州	https://www.sej.co.jp/products/a/item/103048/
101817	７プレミアム 蒸しサラダ豆	惣菜	127.44	120	9.2	3.0	17.8	0.5	埼玉県、千葉県、東京都、神奈川県	https://www.sej.co.jp/products/a/item/101817/
103042	７プレミアム味付き半熟とろっとゆでたまご２個	惣菜	270	65	5.9	4.4	0.6	0.5	東北、関東、甲信越、北陸、東海、近畿、中国、四国、九州	https://www.sej.co.jp/products/a/item/103042/
105303	枝豆	惣菜	224.64	94	8.0	4.1	8.4	0.61	北海道、東北、関東、甲信越、北陸、東海、近畿、中国、四国、九州	https://www.sej.co.jp/products/a/item/105303/
102777	豆腐と野菜のちゃんぷるー	惣菜	429.84	199	14.7	12.0	10.5	4.2	東北、関東、新潟県、北陸、東海、近畿、鳥取県、島根県、岡山県、広島県、四国、九州	https://www.sej.co.jp/products/a/item/102777/
102776	豚もやし	肉料理	429.84	106	9.7	4.8	8.7	3.5	東北、埼玉県、千葉県、東京都、神奈川県、甲信越、北陸、東海、近畿、中国、四国、九州	https://www.sej.co.jp/products/a/item/102776/
090416	ツルッとのど越し冷しぶっかけうどん	麺類	378	505	9.3	12.6	90.4	3.2	東北、埼玉県、千葉県、東京都、神奈川県、甲信越、北陸、東海、近畿	https://www.sej.co.jp/products/a/item/090416/
090407	一本釣り鰹だし香る石臼挽そば粉のざるそば	麺類	429.84	334	16.3	3.0	63.1	2	関東	https://www.sej.co.jp/products/a/item/090407/
150403	炭火焼き鳥（塩）	肉料理	213.84	66	9.6	3.0	0.3	0.9	北海道、東北、関東、甲信越、北陸、東海、近畿、中国、四国、九州	https://www.sej.co.jp/products/a/item/150403/
150089	揚げ鶏	肉料理	250.56	175	13.4	10.1	7.8	1	全国	https://www.sej.co.jp/products/a/item/150089/
053738	セブンーイレブンこだわりＴＨＥたまごサンド	サンドイッチ	291.60	388	11.3	27.6	24.0	1.3	北海道、東北、埼玉県、千葉県、東京都、神奈川県、甲信越、北陸、東海、近畿、中国、四国、九州	https://www.sej.co.jp/products/a/item/053738/
053813	照焼チキンとたまごサンド	サンドイッチ	367.20	338	15.8	19.1	26.5	2.1	北海道、青森県、岩手県、宮城県、秋田県、山形県、埼玉県、千葉県、東京都、神奈川県、甲信越、北陸、東海、近畿、中国、四国、九州、沖縄	https://www.sej.co.jp/products/a/item/053813/
042086	５種おかずのミニ明太海苔弁当（もち麦）	弁当	464.40	461	13.3	17.0	66.7	2.1	東北、埼玉県、千葉県、東京都、神奈川県、新潟県、北陸、岐阜県、愛知県、三重県、島根県、広島県、山口県、九州	https://www.sej.co.jp/products/a/item/042086/
044569	鶏だしの旨み ふわっとろ親子丼	弁当	594	517	19.9	9.6	89.1	2.1	北海道、関東、山梨県、長野県、中国、四国	https://www.sej.co.jp/products/a/item/044569/
101826	７プレミアム サーモンハラミの西京焼	魚料理	429.84	171	10.5	13.8	1.2	0.5	栃木県、群馬県、埼玉県、千葉県、東京都、神奈川県、中国、四国、九州	https://www.sej.co.jp/products/a/item/101826/	
104464	７プレミアム ８種具材の豚汁	スープ	257.04	138	7.8	8.5	9.2	2.2	北海道、東北、関東、甲信越、北陸、静岡県、近畿、中国、四国、九州	https://www.sej.co.jp/products/a/item/104464/	
100948	７Ｐ鉄板焼ハンバーグ和風おろしソース	肉料理	311.04	262	13.3	15.4	18.2	2.5	全国	https://www.sej.co.jp/products/a/item/100948/	
101884	７プレミアム ひじき煮	惣菜	149.04	56	2.9	1.6	9.2	0.9	全国	https://www.sej.co.jp/products/a/item/101884/	
113258	７プレミアム 生乳１００％ヨーグルト	ヨーグルト	224.64	67	3.3	3.8	4.8	0.1	埼玉県、千葉県、東京都、神奈川県	https://www.sej.co.jp/products/a/item/113258/	栄養成分の表示単位（1個/100g等）は公式ページで要確認
210569	７プレミアム ブラックコーヒー ２４０ｍｌ	飲料	149.04	8	0.7	0.0	1.2	0.04	全国	https://www.sej.co.jp/products/a/item/210569/	カフェイン量は公式未記載
460044	７プレミアム 天然水 ５５０ｍｌ	飲料	108	0	0	0	0	0	近畿、中国、四国、九州、沖縄	https://www.sej.co.jp/products/a/item/460044/	
460754	７Ｐ 一（はじめ）緑茶静岡茶入り ６００ｍｌ	飲料	116.64						北海道、東北、関東、甲信越、北陸、東海	https://www.sej.co.jp/products/a/item/460754/	栄養成分は公式ページ未記載
460326	７プレミアム アクエリアストリプル５００ｍｌ	飲料	118.80	0	0	0	0	0.5	全国	https://www.sej.co.jp/products/a/item/460326/	
220076	７プレミアム まろやか６Ｐチーズ	間食	267.84	51	3.5	4.0	0.4	0.4	全国	https://www.sej.co.jp/products/a/item/220076/	栄養成分は1個あたりと思われるが表示単位は要確認
250701	７プレミアム サラダチキン プレーン	肉料理	278.64	114	24.1		0.0	1.1	全国	https://www.sej.co.jp/products/a/item/250701/	脂質は公式ページから取得できず
252952	７プレミアム ほぐしサラダチキン	肉料理	224.64	92	20.9	0.9	0.0	1.2	全国	https://www.sej.co.jp/products/a/item/252952/	
460150	７プレミアム 天然水 ５５０ＭＬ	飲料	108	0	0	0	0	0	北海道、東北、関東、甲信越、北陸、東海	https://www.sej.co.jp/products/a/item/460150/	
210320	７プレミアム 烏龍茶 １Ｌ	飲料	127.44	0	0	0	0	0.01	北陸、東海、近畿、中国、四国、九州	https://www.sej.co.jp/products/a/item/210320/	
150398	ななチキ	肉料理	250.56	174	13.4	9.0	10.0	1.2	全国	https://www.sej.co.jp/products/a/item/150398/	
044509	肉の旨み溶けこむつゆが決め手の牛丼	弁当	645.84	610	16.6	22.9	86.0	2.2	北海道、埼玉県、千葉県、東京都、神奈川県、鳥取県、島根県、岡山県、広島県、四国、九州	https://www.sej.co.jp/products/a/item/044509/	
044769	鉄鍋炒めのコク旨野菜炒め丼	弁当	537.84	510	12.2	12.6	90.3	2.7	関東、甲信越、北陸、近畿、島根県、広島県、山口県、九州	https://www.sej.co.jp/products/a/item/044769/	
053805	シャキシャキレタスサンド	サンドイッチ	399.60	265	9.5	14.0	26.3	1.4	北海道	https://www.sej.co.jp/products/a/item/053805/	地域により別規格あり
042083	阿部商店監修いかめしおむすび	おにぎり	246.24	231	6.0	1.6	48.9	2.3	全国	https://www.sej.co.jp/products/a/item/042083/	
101173	やわらかほうれん草とベーコンのサラダ	サラダ	332.64	181	3.0	17.6	3.6	0.96	東北、関東、新潟県、北陸、東海、近畿、四国、九州	https://www.sej.co.jp/products/a/item/101173/	
